{
  "fetched_at_utc": "2026-07-15T18:08:59.215520+00:00",
  "vault": "0xA0D3707c569ff8C87FA923d3823eC5D81c98Be78",
  "revenueFeePercentage_raw": 200000,
  "revenueFeePercentage": 0.2,
  "withdrawalFeePercentage_raw": 500,
  "withdrawalFeePercentage": 0.0005,
  "exchangePrice": 1.2144224435045767,
  "convertToAssets_1e18": 1.2144224435045767,
  "revenue_stETH": 68.78441702850498
}